{"cameraMode":{"drawMode":0,"name":"Shaded","section":"Shading Mode"},"sceneLighting":false,"audioPlay":false,"sceneViewState":{"showFog":true,"showMaterialUpdate":false,"showSkybox":false,"showFlares":true,"showImageEffects":true,"showParticleSystems":true},"in2DMode":false,"pivot":{"x":-0.9799588918685913,"y":-1.4159826040267945,"z":3.1309735774993898},"rotation":{"x":-0.000010217407179879956,"y":-0.008733649738132954,"z":0.0000020435138594621096,"w":-0.9999673366546631},"size":9.481391906738282,"orthographic":true}