{"cameraMode":{"drawMode":0,"name":"Shaded","section":"Shading Mode"},"sceneLighting":false,"audioPlay":false,"sceneViewState":{"showFog":true,"showMaterialUpdate":false,"showSkybox":false,"showFlares":true,"showImageEffects":true,"showParticleSystems":true},"in2DMode":false,"pivot":{"x":0.0,"y":-0.3972567319869995,"z":-0.4893540143966675},"rotation":{"x":-0.03129611909389496,"y":0.17805235087871552,"z":-0.005665033124387264,"w":-0.983512282371521},"size":6.842342376708984,"orthographic":false}